,stock_id,start_date,end_date
0,000001,2013-09-09,2013-12-16
1,000001,2014-07-16,2015-03-17
2,000021,2012-12-19,2013-07-04
3,000025,2014-04-22,2014-11-24
4,000026,2015-04-20,2015-11-02
5,000028,2013-07-22,2014-02-13
6,000042,2014-11-11,2015-10-15
7,000045,2012-02-13,2012-12-10
8,000046,2015-02-04,2015-10-21
9,000050,2015-01-29,2015-11-12
10,000056,2014-08-19,2015-06-04
11,000059,2012-07-03,2014-09-23
12,000060,2014-01-09,2015-01-06
13,000065,2014-08-29,2015-04-07
14,000068,2014-01-21,2014-11-03
15,000069,2015-03-23,2015-11-09
16,000078,2015-03-31,2015-12-10
17,000090,2013-10-16,2015-09-24
18,000100,2013-08-16,2014-01-16
19,000100,2014-08-15,2014-12-29
20,000156,2012-12-31,2013-11-07
21,000333,2014-12-15,2015-05-21
22,000404,2012-04-17,2012-09-18
23,000407,2015-03-27,2015-11-19
24,000410,2012-04-09,2012-11-20
25,000413,2012-08-17,2012-11-08
26,000413,2015-01-28,2015-09-11
27,000415,2015-04-29,2015-12-03
28,000420,2013-12-20,2014-07-17
29,000420,2015-06-03,2015-12-10
30,000426,2013-06-13,2013-11-07
31,000428,2012-10-19,2015-09-17
32,000488,2014-12-30,2015-08-24
33,000501,2015-01-16,2015-11-19
34,000509,2015-02-02,2015-11-27
35,000516,2014-07-14,2015-02-16
36,000523,2014-12-29,2015-10-22
37,000525,2014-12-01,2015-08-26
38,000530,2015-06-05,2015-12-03
39,000536,2014-04-30,2015-10-26
40,000540,2013-09-30,2014-07-10
41,000540,2015-02-17,2015-12-10
42,000543,2012-02-24,2012-10-18
43,000545,2013-11-25,2014-07-31
44,000552,2013-07-19,2014-10-27
45,000558,2013-09-18,2014-06-25
46,000560,2014-09-30,2015-03-12
47,000563,2014-11-03,2015-10-15
48,000566,2013-07-24,2014-12-15
49,000571,2013-10-28,2014-04-14
50,000589,2012-08-20,2013-05-09
51,000592,2014-10-20,2015-09-21
52,000593,2013-07-15,2013-11-25
53,000597,2013-04-16,2014-04-28
54,000599,2014-03-03,2014-09-09
55,000600,2015-05-11,2015-11-19
56,000601,2012-06-18,2012-12-17
57,000606,2012-02-07,2012-10-18
58,000610,2013-11-21,2014-11-18
59,000627,2015-01-16,2015-10-30
60,000628,2014-05-29,2015-03-03
61,000630,2012-11-08,2014-03-12
62,000631,2014-03-26,2015-11-05
63,000636,2014-04-24,2014-10-16
64,000656,2013-08-13,2014-09-01
65,000669,2013-01-11,2014-11-24
66,000671,2013-09-16,2014-06-19
67,000671,2015-04-24,2015-10-22
68,000673,2014-04-16,2015-02-16
69,000678,2014-12-31,2015-12-17
70,000680,2012-12-18,2013-06-24
71,000681,2013-08-19,2015-05-14
72,000685,2014-06-17,2015-09-11
73,000686,2012-02-07,2012-07-03
74,000697,2013-08-19,2014-01-14
75,000700,2014-05-27,2014-11-25
76,000701,2013-09-12,2014-01-27
77,000701,2015-06-09,2015-12-17
78,000703,2012-02-20,2012-03-26
79,000703,2012-07-23,2015-08-13
80,000716,2012-05-08,2012-12-24
81,000716,2014-03-25,2014-09-01
82,000717,2012-12-18,2013-05-22
83,000718,2015-04-22,2015-10-19
84,000721,2012-06-21,2013-03-21
85,000725,2013-07-25,2013-12-02
86,000727,2014-01-22,2014-10-16
87,000728,2015-04-03,2015-06-18
88,000732,2015-01-19,2015-07-09
89,000733,2013-02-08,2014-01-07
90,000735,2014-09-17,2015-09-28
91,000738,2013-03-06,2013-07-08
92,000739,2012-02-13,2014-07-14
93,000750,2012-01-20,2015-06-01
94,000753,2014-01-27,2014-08-15
95,000757,2013-03-29,2013-11-21
96,000760,2012-11-05,2013-09-30
97,000762,2014-07-28,2015-08-20
98,000766,2013-09-27,2014-11-03
99,000768,2014-10-17,2015-06-01
100,000782,2013-10-08,2014-03-11
101,000783,2015-05-14,2015-12-28
102,000786,2014-03-17,2014-08-08
103,000791,2014-09-10,2015-08-07
104,000792,2014-11-07,2015-10-14
105,000795,2012-12-28,2014-01-24
106,000801,2014-05-30,2015-02-09
107,000807,2014-09-26,2015-03-31
108,000815,2013-06-20,2015-11-12
109,000816,2013-03-12,2013-08-08
110,000823,2013-05-09,2013-11-21
111,000838,2013-08-26,2015-06-29
112,000860,2013-09-25,2014-03-24
113,000861,2013-08-02,2014-01-27
114,000863,2013-08-12,2014-08-04
115,000876,2013-08-13,2014-05-19
116,000882,2013-05-02,2013-10-17
117,000883,2015-05-11,2015-11-12
118,000885,2013-10-21,2014-04-22
119,000888,2012-09-12,2013-10-14
120,000899,2015-04-03,2015-12-03
121,000902,2014-10-14,2015-03-23
122,000903,2014-01-06,2014-09-23
123,000906,2014-02-25,2015-06-15
124,000922,2014-01-20,2014-09-18
125,000926,2015-04-15,2015-11-09
126,000936,2014-10-28,2015-05-11
127,000937,2013-08-20,2014-01-16
128,000948,2012-05-03,2013-03-25
129,000949,2013-12-30,2014-06-03
130,000961,2015-04-24,2015-11-05
131,000963,2015-08-05,2015-12-10
132,000965,2013-09-06,2014-03-20
133,000967,2013-05-27,2014-05-19
134,000973,2013-01-18,2013-10-18
135,000976,2015-02-16,2015-11-12
136,000977,2013-05-10,2013-11-28
137,000977,2015-01-19,2015-11-19
138,000979,2013-09-13,2015-11-26
139,000980,2012-10-26,2013-03-28
140,000982,2013-01-30,2013-09-12
141,000987,2014-12-09,2015-10-23
142,000990,2013-06-03,2014-07-08
143,000998,2014-09-30,2015-08-12
144,001896,2014-04-09,2014-11-18
145,002004,2012-03-26,2012-12-06
146,002004,2014-08-13,2014-12-02
147,002004,2015-04-16,2015-10-29
148,002005,2012-12-27,2013-11-19
149,002008,2015-06-15,2015-12-03
150,002011,2015-04-21,2015-11-13
151,002013,2013-04-23,2015-12-17
152,002016,2015-04-22,2015-10-30
153,002018,2012-07-20,2013-01-31
154,002020,2013-12-18,2014-04-17
155,002021,2012-10-29,2013-11-11
156,002022,2014-01-27,2015-02-16
157,002023,2012-06-12,2012-11-15
158,002023,2015-01-15,2015-06-29
159,002026,2013-08-16,2014-03-10
160,002031,2013-12-11,2014-09-15
161,002033,2012-12-31,2013-12-10
162,002046,2014-12-10,2015-11-12
163,002051,2012-03-19,2012-10-22
164,002052,2013-12-30,2014-10-13
165,002053,2014-09-12,2015-08-12
166,002055,2012-02-10,2014-12-15
167,002064,2013-09-03,2014-03-06
168,002077,2013-12-19,2015-02-16
169,002078,2012-04-25,2012-12-31
170,002078,2013-12-11,2015-01-06
171,002084,2014-11-12,2015-04-27
172,002085,2015-03-17,2015-11-05
173,002086,2015-04-01,2015-09-28
174,002087,2014-05-13,2015-12-31
175,002090,2014-07-07,2015-04-13
176,002092,2012-11-05,2013-02-07
177,002093,2015-05-20,2015-12-31
178,002098,2015-01-19,2015-10-22
179,002101,2012-05-22,2012-12-27
180,002108,2014-06-05,2014-10-13
181,002111,2014-05-08,2015-05-07
182,002118,2014-09-04,2015-09-24
183,002121,2014-08-05,2015-02-16
184,002122,2015-03-31,2015-12-03
185,002124,2013-10-10,2014-10-13
186,002125,2015-04-28,2015-11-06
187,002126,2014-09-01,2015-01-12
188,002127,2012-07-17,2012-12-13
189,002128,2013-04-22,2014-09-15
190,002129,2012-06-08,2012-10-08
191,002129,2013-09-24,2014-03-11
192,002129,2015-02-04,2015-09-21
193,002131,2012-11-21,2013-07-01
194,002133,2013-09-06,2014-07-31
195,002135,2015-01-06,2015-09-24
196,002138,2013-09-27,2014-04-17
197,002139,2014-05-20,2014-12-04
198,002139,2015-06-03,2015-12-31
199,002141,2014-05-06,2015-09-28
200,002142,2014-01-14,2014-08-18
201,002142,2014-10-22,2015-09-24
202,002144,2012-04-05,2012-11-15
203,002145,2013-11-25,2014-08-14
204,002145,2014-11-17,2015-07-02
205,002146,2013-08-20,2015-07-02
206,002148,2013-07-09,2013-11-07
207,002152,2015-03-11,2015-11-11
208,002153,2014-09-29,2015-09-25
209,002156,2014-07-01,2015-02-09
210,002157,2013-11-06,2014-05-19
211,002157,2015-05-15,2015-10-30
212,002159,2013-02-26,2014-07-10
213,002162,2012-06-19,2013-06-20
214,002166,2014-01-06,2015-02-16
215,002175,2014-09-03,2015-09-17
216,002176,2013-07-26,2014-05-19
217,002179,2012-05-04,2013-01-10
218,002182,2014-11-24,2015-11-23
219,002183,2012-09-28,2013-01-24
220,002183,2014-08-15,2015-03-12
221,002185,2015-02-03,2015-09-24
222,002186,2013-10-11,2014-05-26
223,002192,2014-06-19,2015-04-07
224,002195,2015-02-13,2015-09-24
225,002196,2012-10-08,2013-06-06
226,002199,2013-07-30,2014-03-06
227,002201,2014-10-20,2015-05-21
228,002202,2014-09-03,2015-05-25
229,002207,2012-11-08,2013-07-08
230,002207,2014-04-14,2015-04-27
231,002210,2014-11-04,2015-05-11
232,002214,2013-09-30,2014-01-23
233,002218,2014-03-28,2015-01-26
234,002219,2014-08-21,2015-02-16
235,002220,2014-10-13,2015-08-12
236,002221,2013-05-16,2013-12-30
237,002224,2012-02-08,2012-11-01
238,002228,2014-06-11,2014-12-08
239,002230,2012-08-24,2013-02-05
240,002230,2015-04-28,2015-06-11
241,002237,2015-02-02,2015-10-15
242,002243,2012-05-21,2013-02-04
243,002244,2015-06-08,2015-12-10
244,002245,2013-06-04,2013-12-16
245,002248,2013-03-01,2013-08-12
246,002249,2013-10-15,2014-05-26
247,002251,2012-04-17,2012-09-04
248,002253,2015-02-05,2015-09-21
249,002256,2015-03-02,2015-11-09
250,002262,2014-11-05,2015-05-07
251,002266,2013-08-07,2014-01-23
252,002267,2013-09-11,2014-07-14
253,002271,2013-09-09,2014-05-13
254,002273,2014-07-31,2015-02-02
255,002274,2012-02-29,2012-12-31
256,002274,2014-10-27,2015-06-04
257,002280,2015-04-08,2015-11-30
258,002281,2012-06-11,2014-07-17
259,002285,2014-03-25,2015-02-09
260,002286,2012-07-25,2013-01-24
261,002288,2014-07-23,2015-03-16
262,002291,2014-09-22,2015-05-07
263,002295,2014-06-10,2015-01-19
264,002296,2012-06-29,2013-08-15
265,002297,2012-07-16,2013-10-17
266,002297,2014-05-26,2015-12-24
267,002299,2014-08-27,2015-03-23
268,002305,2015-05-11,2015-11-23
269,002309,2012-08-28,2014-01-21
270,002311,2013-01-22,2013-06-20
271,002321,2012-01-09,2015-11-05
272,002325,2013-10-29,2014-03-20
273,002326,2013-12-17,2014-08-25
274,002331,2013-11-27,2014-07-17
275,002332,2014-12-29,2015-08-10
276,002335,2015-01-30,2015-11-12
277,002339,2012-06-05,2012-12-06
278,002340,2013-10-25,2014-02-13
279,002340,2015-02-17,2015-09-09
280,002345,2012-05-10,2013-01-31
281,002349,2013-04-22,2014-08-26
282,002353,2013-07-19,2013-12-20
283,002358,2012-05-07,2013-06-27
284,002359,2012-02-13,2012-12-13
285,002361,2014-02-28,2014-09-29
286,002373,2014-12-17,2015-10-19
287,002374,2012-03-01,2012-09-04
288,002374,2015-03-30,2015-11-16
289,002375,2012-07-11,2013-09-26
290,002376,2015-05-08,2015-12-10
291,002378,2013-12-03,2014-07-10
292,002381,2014-07-04,2015-11-05
293,002384,2012-04-20,2015-01-08
294,002385,2015-03-06,2015-08-26
295,002387,2014-09-19,2015-06-08
296,002389,2015-01-22,2015-08-10
297,002402,2013-12-13,2014-08-28
298,002403,2015-03-06,2015-10-29
299,002407,2015-01-27,2015-07-02
300,002418,2014-07-03,2014-12-22
301,002421,2014-03-13,2014-08-04
302,002423,2014-03-28,2014-09-29
303,002425,2012-07-31,2013-04-11
304,002426,2013-09-06,2014-01-14
305,002427,2014-11-19,2015-05-14
306,002430,2013-03-22,2013-09-05
307,002431,2014-05-26,2014-12-15
308,002433,2012-01-20,2012-10-11
309,002433,2013-12-10,2014-06-26
310,002433,2015-01-20,2015-08-20
311,002436,2014-02-20,2014-12-25
312,002443,2012-08-31,2013-02-26
313,002447,2012-06-13,2013-12-12
314,002449,2014-09-30,2015-05-07
315,002450,2014-11-07,2015-09-28
316,002453,2012-05-11,2013-03-28
317,002456,2012-02-16,2012-12-06
318,002458,2015-04-22,2015-11-02
319,002459,2014-02-25,2014-08-26
320,002460,2013-01-04,2013-10-21
321,002462,2015-02-13,2015-09-17
322,002465,2014-11-12,2015-06-15
323,002466,2012-12-25,2014-01-13
324,002467,2015-03-16,2015-10-30
325,002470,2014-05-14,2014-09-18
326,002475,2014-03-05,2014-07-21
327,002477,2013-06-27,2015-03-03
328,002479,2014-09-30,2015-06-04
329,002480,2013-05-13,2013-12-26
330,002481,2014-04-08,2014-11-18
331,002482,2015-01-06,2015-08-10
332,002483,2014-11-04,2015-06-04
333,002488,2014-04-21,2014-11-03
334,002492,2014-06-05,2015-02-09
335,002493,2015-04-13,2015-10-19
336,002494,2012-10-30,2013-12-26
337,002500,2015-03-10,2015-11-05
338,002501,2012-01-10,2012-12-06
339,002501,2014-12-25,2015-10-19
340,002505,2013-07-04,2014-01-07
341,002509,2013-10-22,2014-03-17
342,002515,2014-04-18,2014-12-29
343,002520,2014-05-12,2015-10-19
344,002524,2012-02-29,2012-12-17
345,002529,2015-04-23,2015-11-16
346,002535,2014-08-01,2015-04-30
347,002536,2014-09-03,2015-03-30
348,002538,2015-01-22,2015-07-06
349,002539,2014-12-15,2015-06-25
350,002542,2015-03-03,2015-09-24
351,002546,2015-07-16,2015-12-31
352,002547,2014-04-01,2014-09-30
353,002551,2014-08-12,2015-11-27
354,002554,2014-07-01,2015-01-19
355,002555,2015-05-05,2015-11-19
356,002560,2013-01-16,2013-12-10
357,002562,2012-03-21,2015-09-14
358,002564,2012-09-04,2013-02-04
359,002571,2012-11-21,2013-06-24
360,002580,2014-06-13,2014-11-18
361,002584,2014-10-28,2015-05-11
362,002585,2013-09-12,2014-06-03
363,002586,2013-07-29,2013-12-10
364,002589,2012-07-23,2013-05-17
365,002589,2014-07-03,2014-12-25
366,002590,2013-12-03,2015-12-10
367,002592,2013-10-22,2014-05-13
368,002592,2015-02-02,2015-11-02
369,002593,2014-10-15,2015-03-30
370,002594,2015-06-04,2015-12-24
371,002610,2014-12-01,2015-12-10
372,002611,2014-12-15,2015-09-10
373,002616,2014-04-21,2014-11-18
374,002618,2013-01-21,2013-08-13
375,002630,2013-05-23,2013-12-24
376,002632,2014-11-05,2015-04-13
377,002635,2014-08-05,2015-02-16
378,002639,2014-06-10,2015-04-30
379,002642,2015-02-17,2015-09-28
380,002643,2014-06-03,2014-12-18
381,002644,2013-08-09,2014-12-29
382,002649,2013-04-19,2013-11-12
383,002654,2014-08-15,2015-03-16
384,002657,2015-03-23,2015-11-27
385,002661,2015-06-03,2015-11-19
386,002663,2014-03-28,2014-10-13
387,002665,2014-09-02,2015-03-23
388,002666,2014-04-25,2014-12-15
389,002671,2013-03-29,2013-11-14
390,002673,2014-06-27,2015-01-19
391,002683,2013-11-05,2014-07-24
392,002684,2014-04-18,2015-01-07
393,002685,2014-11-25,2015-12-04
394,002688,2014-11-03,2015-11-27
395,002696,2015-05-28,2015-11-27
396,002699,2014-10-15,2015-05-14
397,002703,2014-01-28,2014-09-29
398,002706,2015-07-07,2015-12-31
399,002709,2014-09-30,2015-08-20
400,002714,2015-04-28,2015-11-06
401,002717,2015-06-08,2015-12-10
402,300001,2014-07-23,2015-08-07
403,300006,2014-09-03,2015-07-02
404,300014,2014-06-23,2015-06-25
405,300016,2014-09-25,2015-07-02
406,300020,2014-08-18,2015-04-20
407,300021,2015-02-10,2015-11-19
408,300024,2014-08-21,2015-05-20
409,300025,2012-10-30,2013-03-27
410,300026,2012-02-29,2012-07-25
411,300026,2014-08-19,2015-01-08
412,300027,2014-06-25,2015-07-01
413,300032,2015-06-01,2015-12-30
414,300041,2014-08-06,2015-06-17
415,300049,2014-09-05,2015-04-01
416,300055,2015-05-26,2015-10-30
417,300057,2014-06-24,2015-04-02
418,300064,2014-07-15,2015-03-25
419,300066,2014-10-14,2015-06-24
420,300068,2015-06-03,2015-12-07
421,300070,2014-12-02,2015-06-25
422,300072,2014-06-23,2014-08-04
423,300072,2014-12-02,2015-06-24
424,300083,2014-07-16,2015-01-07
425,300088,2014-07-22,2015-01-19
426,300090,2015-04-10,2015-11-04
427,300102,2014-09-04,2015-07-02
428,300133,2014-10-09,2015-08-26
429,300138,2014-10-28,2015-10-14
430,300146,2014-07-11,2014-11-28
431,300177,2014-07-31,2015-01-19
432,300180,2015-05-29,2015-11-30
433,300181,2014-09-23,2015-05-20
434,300187,2014-08-21,2015-06-24
435,300197,2014-07-14,2015-04-01
436,300198,2014-12-23,2015-12-04
437,300210,2014-07-16,2015-04-27
438,300212,2014-10-22,2015-06-24
439,300217,2014-08-26,2015-06-18
440,300228,2014-06-20,2015-03-17
441,300236,2014-09-05,2015-12-16
442,300237,2015-01-13,2015-10-14
443,300239,2014-08-11,2015-07-03
444,300244,2015-01-09,2015-10-28
445,300251,2014-06-25,2015-01-08
446,300253,2014-12-10,2015-09-24
447,300254,2014-09-25,2015-06-04
448,300261,2014-10-09,2015-07-06
449,300263,2014-09-03,2015-04-02
450,300267,2014-12-03,2015-07-08
451,300273,2014-08-22,2015-04-01
452,300284,2014-09-15,2015-03-25
453,300285,2015-06-08,2015-12-23
454,300290,2014-09-30,2015-05-08
455,300301,2015-05-26,2015-12-25
456,300303,2014-10-27,2015-04-30
457,300304,2015-07-15,2015-12-31
458,300325,2015-01-30,2015-10-21
459,300329,2015-03-27,2015-11-04
460,300334,2014-11-12,2015-09-28
461,300335,2015-01-21,2015-09-24
462,300345,2014-11-07,2015-09-28
463,300347,2015-01-22,2015-08-26
464,300355,2014-07-28,2015-08-14
465,300362,2015-05-04,2015-11-11
466,300375,2014-09-22,2015-04-29
467,300388,2015-03-19,2015-12-04
468,300409,2015-06-11,2015-11-19
469,300433,2015-06-02,2015-11-11
470,600000,2014-04-30,2014-11-04
471,600008,2013-08-21,2014-12-08
472,600010,2013-12-31,2015-03-30
473,600015,2015-04-17,2015-12-31
474,600018,2014-11-18,2015-04-07
475,600020,2014-09-24,2015-04-27
476,600027,2013-10-17,2014-05-26
477,600027,2014-12-30,2015-07-03
478,600037,2015-03-09,2015-10-15
479,600039,2012-12-04,2013-07-15
480,600048,2015-03-17,2015-12-17
481,600055,2012-12-31,2015-12-07
482,600057,2014-01-16,2014-09-22
483,600057,2015-03-27,2015-10-19
484,600068,2013-08-23,2014-01-13
485,600069,2014-08-26,2015-04-13
486,600073,2014-01-24,2014-10-20
487,600077,2013-08-07,2014-08-26
488,600079,2012-06-15,2013-07-11
489,600079,2014-03-26,2015-01-19
490,600084,2014-01-30,2014-09-25
491,600086,2013-04-08,2014-12-29
492,600091,2015-01-15,2015-11-02
493,600093,2014-09-25,2015-03-09
494,600096,2012-06-06,2015-12-03
495,600100,2014-06-17,2014-12-15
496,600109,2012-03-20,2012-09-27
497,600109,2014-09-30,2015-04-13
498,600114,2013-05-28,2014-01-20
499,600116,2013-02-04,2014-10-20
500,600127,2013-03-05,2013-10-14
501,600138,2013-10-16,2014-03-18
502,600141,2012-03-23,2012-09-25
503,600155,2013-09-26,2014-09-16
504,600157,2014-06-10,2014-12-15
505,600166,2014-06-11,2015-01-22
506,600170,2014-03-05,2014-08-08
507,600172,2012-11-09,2014-11-24
508,600175,2013-07-12,2014-06-09
509,600175,2014-12-18,2015-11-16
510,600180,2013-07-26,2015-05-14
511,600184,2014-12-18,2015-11-12
512,600187,2012-06-26,2013-03-21
513,600192,2012-02-16,2012-12-25
514,600195,2012-05-22,2013-06-18
515,600198,2012-04-12,2012-09-13
516,600200,2014-11-28,2015-08-17
517,600203,2013-07-15,2014-02-20
518,600203,2015-03-11,2015-12-03
519,600206,2012-08-14,2013-02-28
520,600207,2012-02-14,2012-12-20
521,600208,2013-08-02,2014-07-31
522,600208,2014-12-19,2015-05-21
523,600210,2014-07-03,2014-11-24
524,600218,2013-11-12,2014-12-08
525,600222,2012-04-05,2013-02-04
526,600225,2013-08-29,2014-09-23
527,600231,2013-03-27,2015-09-17
528,600235,2012-01-18,2012-11-15
529,600237,2012-03-12,2012-09-04
530,600243,2014-07-02,2015-07-02
531,600249,2014-02-28,2014-12-30
532,600251,2013-05-30,2013-12-24
533,600252,2013-10-23,2014-09-18
534,600255,2012-06-21,2013-02-07
535,600255,2014-05-28,2015-02-16
536,600256,2014-04-25,2014-10-23
537,600259,2013-08-30,2014-08-14
538,600266,2013-08-09,2014-03-25
539,600267,2013-12-02,2014-07-03
540,600279,2014-01-17,2014-09-15
541,600282,2014-12-26,2015-08-24
542,600283,2013-05-29,2014-06-12
543,600284,2012-01-17,2012-12-06
544,600285,2012-02-29,2012-09-11
545,600285,2015-04-24,2015-12-10
546,600288,2015-01-16,2015-10-30
547,600290,2014-12-08,2015-09-14
548,600292,2013-07-01,2014-05-22
549,600300,2014-11-26,2015-08-31
550,600303,2012-02-23,2013-07-23
551,600305,2013-05-21,2014-03-13
552,600307,2012-03-01,2012-05-21
553,600312,2012-11-12,2013-09-30
554,600321,2013-01-10,2014-09-01
555,600325,2015-01-22,2015-10-15
556,600328,2015-02-10,2015-10-26
557,600329,2014-06-27,2015-03-30
558,600330,2012-09-12,2013-09-18
559,600330,2014-06-30,2014-12-08
560,600331,2013-08-26,2014-02-25
561,600340,2013-09-02,2015-11-12
562,600346,2013-01-23,2013-08-15
563,600351,2015-03-23,2015-10-26
564,600352,2014-03-27,2015-01-12
565,600354,2014-09-26,2015-06-18
566,600358,2014-05-22,2015-11-05
567,600359,2013-09-03,2014-09-16
568,600365,2012-01-20,2013-03-18
569,600369,2013-03-26,2013-11-14
570,600375,2012-02-22,2012-12-24
571,600376,2013-11-04,2015-12-03
572,600390,2012-02-17,2012-08-09
573,600390,2014-06-30,2015-04-07
574,600392,2014-03-10,2015-04-30
575,600400,2014-11-05,2015-06-04
576,600401,2012-05-08,2014-06-26
577,600403,2012-02-20,2012-07-24
578,600405,2013-01-30,2013-07-11
579,600416,2014-04-23,2014-12-15
580,600422,2014-12-30,2015-08-20
581,600429,2014-03-03,2014-10-23
582,600432,2013-12-03,2014-05-22
583,600433,2014-06-19,2014-12-25
584,600438,2012-06-28,2012-12-24
585,600446,2014-04-18,2015-05-04
586,600448,2013-04-09,2013-10-18
587,600458,2015-01-05,2015-11-05
588,600460,2012-06-08,2013-04-25
589,600463,2015-04-30,2015-11-05
590,600468,2014-12-30,2015-09-10
591,600477,2013-06-06,2014-01-06
592,600477,2015-03-30,2015-11-02
593,600478,2014-05-28,2015-02-16
594,600479,2014-09-09,2015-04-07
595,600480,2014-12-23,2015-10-15
596,600483,2015-04-28,2015-11-16
597,600487,2012-04-06,2014-01-06
598,600491,2014-12-25,2015-11-05
599,600495,2012-06-11,2013-06-06
600,600496,2013-12-03,2014-05-19
601,600500,2012-07-26,2013-06-24
602,600501,2013-11-28,2015-03-17
603,600502,2014-08-21,2015-05-07
604,600503,2013-11-25,2014-07-17
605,600503,2015-05-06,2015-12-31
606,600510,2014-12-10,2015-08-27
607,600512,2014-06-13,2014-12-15
608,600513,2014-07-10,2015-03-03
609,600518,2014-05-19,2014-09-18
610,600520,2012-10-22,2013-11-28
611,600522,2014-02-19,2014-06-30
612,600526,2012-03-16,2012-12-20
613,600526,2014-01-28,2015-01-08
614,600532,2014-07-21,2015-05-21
615,600535,2014-06-18,2015-01-26
616,600536,2013-01-08,2013-10-17
617,600537,2013-09-18,2014-10-20
618,600538,2013-07-30,2014-01-27
619,600540,2013-11-15,2014-07-31
620,600549,2014-03-21,2014-09-15
621,600550,2013-12-06,2014-10-16
622,600552,2012-03-16,2012-12-24
623,600557,2013-01-21,2014-10-23
624,600558,2013-02-06,2013-08-29
625,600559,2014-12-02,2015-10-26
626,600566,2014-12-12,2015-08-27
627,600568,2013-08-20,2014-07-24
628,600572,2012-05-09,2012-11-22
629,600572,2014-04-08,2015-01-08
630,600575,2013-12-19,2014-06-12
631,600577,2013-10-22,2014-02-27
632,600580,2013-01-09,2015-08-27
633,600583,2012-10-30,2013-08-01
634,600584,2013-11-28,2014-07-31
635,600587,2012-07-23,2013-04-11
636,600588,2012-03-12,2012-08-30
637,600588,2014-12-04,2015-05-18
638,600590,2014-10-15,2015-05-21
639,600592,2012-05-24,2012-11-01
640,600594,2013-02-04,2013-11-22
641,600595,2013-02-19,2013-06-27
642,600599,2012-03-14,2013-02-28
643,600601,2014-06-03,2014-12-15
644,600616,2012-12-19,2013-11-21
645,600617,2014-12-09,2015-08-17
646,600622,2015-07-02,2015-12-24
647,600624,2013-07-18,2014-01-16
648,600633,2012-04-10,2013-01-28
649,600636,2014-06-09,2015-03-17
650,600639,2014-02-26,2015-04-20
651,600644,2013-12-09,2014-06-30
652,600645,2012-01-31,2013-10-21
653,600648,2013-08-30,2014-02-27
654,600653,2014-08-05,2015-11-19
655,600673,2013-03-26,2013-11-11
656,600686,2014-03-20,2015-03-23
657,600687,2015-03-09,2015-11-27
658,600690,2013-10-08,2014-04-03
659,600693,2014-05-14,2014-11-25
660,600699,2012-03-30,2015-07-02
661,600703,2013-05-28,2013-12-23
662,600703,2015-03-24,2015-07-02
663,600704,2013-09-25,2014-06-09
664,600705,2013-04-25,2014-01-09
665,600711,2013-05-20,2014-03-24
666,600713,2012-09-18,2014-09-29
667,600715,2013-07-05,2015-06-11
668,600716,2015-01-12,2015-08-24
669,600725,2012-07-13,2015-11-27
670,600728,2014-10-14,2015-09-24
671,600729,2012-12-19,2013-08-05
672,600731,2013-06-18,2013-11-13
673,600736,2014-01-24,2015-03-03
674,600739,2013-09-12,2014-01-06
675,600739,2014-09-09,2015-01-19
676,600741,2015-04-23,2015-10-19
677,600745,2013-03-19,2014-03-20
678,600747,2012-10-17,2013-11-19
679,600748,2015-04-29,2015-11-27
680,600749,2015-03-25,2015-11-27
681,600751,2013-08-21,2014-09-18
682,600754,2014-06-16,2014-10-14
683,600756,2015-06-24,2015-12-24
684,600757,2012-06-04,2013-04-01
685,600759,2013-12-04,2014-11-03
686,600770,2013-05-22,2014-01-09
687,600771,2014-06-10,2015-05-18
688,600773,2013-11-20,2014-09-02
689,600775,2012-11-08,2013-04-02
690,600787,2014-02-28,2015-08-31
691,600794,2012-01-11,2012-11-01
692,600794,2013-10-08,2014-08-07
693,600795,2012-10-17,2012-12-13
694,600807,2014-09-16,2015-07-06
695,600812,2013-07-18,2013-12-05
696,600816,2014-02-12,2015-05-25
697,600819,2013-05-20,2013-10-28
698,600823,2015-02-17,2015-09-21
699,600827,2015-04-20,2015-12-10
700,600836,2013-09-03,2015-04-13
701,600843,2013-02-18,2014-02-21
702,600844,2015-01-07,2015-11-27
703,600866,2014-01-30,2014-09-29
704,600880,2012-10-25,2013-08-12
705,600881,2014-05-21,2015-03-03
706,600884,2015-05-06,2015-11-27
707,600885,2012-12-31,2013-11-19
708,600892,2012-02-24,2015-11-12
709,600894,2013-10-09,2014-03-10
710,600896,2015-06-11,2015-11-27
711,600960,2012-08-06,2013-12-05
712,600963,2012-01-04,2012-10-25
713,600969,2014-03-04,2014-08-26
714,600973,2014-09-30,2015-09-10
715,600975,2014-05-30,2015-02-16
716,600980,2013-02-06,2015-09-10
717,600982,2013-09-06,2014-04-14
718,600983,2013-08-14,2014-07-31
719,600984,2012-12-11,2013-05-02
720,600990,2012-05-11,2013-02-04
721,600998,2013-08-14,2014-01-23
722,600999,2013-10-17,2014-04-14
723,601000,2013-03-28,2015-03-30
724,601008,2013-01-31,2013-06-27
725,601009,2014-07-17,2015-03-16
726,601009,2015-07-29,2015-11-19
727,601012,2014-07-01,2015-03-03
728,601016,2015-03-11,2015-11-16
729,601021,2015-07-21,2015-12-03
730,601028,2014-03-27,2014-09-02
731,601058,2013-05-02,2013-11-07
732,601058,2014-04-10,2014-09-15
733,601111,2012-04-27,2012-11-02
734,601113,2014-10-14,2015-06-29
735,601166,2014-06-09,2014-11-04
736,601169,2014-12-10,2015-11-05
737,601186,2014-12-17,2015-06-11
738,601188,2012-12-13,2013-09-09
739,601216,2015-07-02,2015-11-02
740,601222,2014-10-14,2015-03-23
741,601231,2014-04-15,2014-09-25
742,601233,2015-05-12,2015-12-24
743,601258,2013-09-02,2014-07-17
744,601377,2012-08-21,2013-01-28
745,601390,2015-02-11,2015-06-04
746,601398,2014-07-28,2015-05-12
747,601555,2013-05-14,2014-01-14
748,601555,2015-06-01,2015-12-03
749,601599,2014-12-09,2015-12-28
750,601600,2012-03-09,2012-12-10
751,601636,2013-08-06,2014-02-17
752,601636,2014-08-20,2015-01-19
753,601668,2014-05-27,2014-12-08
754,601677,2014-11-07,2015-09-24
755,601777,2014-07-08,2014-12-01
756,601788,2012-08-01,2013-03-25
757,601788,2014-11-21,2015-07-02
758,601800,2014-11-25,2015-06-04
759,601872,2014-11-18,2015-06-25
760,601888,2012-11-14,2013-05-16
761,601908,2014-12-03,2015-09-24
762,601933,2012-09-05,2013-03-04
763,601933,2014-08-12,2015-02-09
764,601988,2014-05-14,2014-09-16
765,601989,2013-09-11,2013-12-23
766,601992,2013-09-06,2014-03-10
767,601992,2015-03-27,2015-09-21
768,601998,2014-10-30,2015-11-30
769,603019,2015-04-27,2015-12-03
770,603077,2014-08-13,2015-02-16
771,603166,2015-04-14,2015-11-05
772,603169,2015-05-06,2015-11-04
773,603308,2015-06-16,2015-12-17
774,603368,2015-04-30,2015-12-07
775,603399,2014-05-26,2015-07-09
776,603456,2015-02-16,2015-10-15
